{"providers":[{"file":"ericsson:font/logo.png","chars":["\ue238"],"height":15,"ascent":15,"type":"bitmap"}]}
{"providers":[{"file":"ericsson:font/tag_afk.png","chars":["\u03B1"],"height":15,"ascent":28,"type":"bitmap"}]}
{"providers":[{"file":"ericsson:font/tag_staff.png","chars":["\u03B2"],"height":15,"ascent":28,"type":"bitmap"}]}
{"providers":[{"file":"ericsson:font/rank_admin.png","chars":["\\u03B3"],"height":15,"ascent":28,"type":"bitmap"}]}
{"providers":[{"file":"ericsson:font/rank_creator.png","chars":["\\u03B4"],"height":15,"ascent":28,"type":"bitmap"}]}
{"providers":[{"file":"ericsson:font/rank_mod.png","chars":["\\u03B5"],"height":15,"ascent":28,"type":"bitmap"}]}
{"providers":[{"file":"ericsson:font/rank_.png","chars":["\\u03B6"],"height":15,"ascent":28,"type":"bitmap"}]}
{"providers":[{"file":"ericsson:font/rank_player.png","chars":["\\u03B7"],"height":15,"ascent":28,"type":"bitmap"}]}

